{"input_bits": [5, 5, 5, 5], "input_frac": [4, 0, 0, 0], "output_bits": [5, 5, 5, 5], "output_frac": [0, 0, 0, 0], "weight_bits": [4, 4, 4, 4], "weight_frac": [2, 5, 5, 5], "w_max": [7.0, 7.0, 7.0, 7.0], "w_min": [-17.0, -17.0, -17.0, -17.0], "w_scale": [0.25, 0.03125, 0.03125, 0.03125], "bias_max": [255.0, 255.0, 255.0, 255.0], "bias_min": [-256.0, -256.0, -256.0, -256.0], "bias_scale": [0.015625, 0.03125, 0.03125, 0.03125], "out_max": [15.0, 15.0, 15.0, 15.0], "out_min": [-16.0, -16.0, -16.0, -16.0], "out_max_f": [0.46875, 0.46875, 0.46875, 0.46875], "out_min_f": [-0.5, -0.5, -0.5, -0.5], "out_scale": [0.03125, 0.03125, 0.03125, 0.03125], "shifts": [6, 5, 5, 5]}