{"input_bits": [8, 8, 8, 8], "input_frac": [8, 5, 5, 5], "output_bits": [8, 8, 8, 8], "output_frac": [5, 5, 5, 5], "weight_bits": [4, 4, 4, 4], "weight_frac": [3, 4, 4, 4], "w_max": [7.0, 7.0, 7.0, 7.0], "w_min": [-17.0, -17.0, -17.0, -17.0], "w_scale": [0.125, 0.0625, 0.0625, 0.0625], "bias_max": [2047.0, 2047.0, 2047.0, 2047.0], "bias_min": [-2048.0, -2048.0, -2048.0, -2048.0], "bias_scale": [0.00048828125, 0.001953125, 0.001953125, 0.001953125], "out_max": [127.0, 127.0, 127.0, 127.0], "out_min": [-128.0, -128.0, -128.0, -128.0], "out_max_f": [0.49609375, 0.49609375, 0.49609375, 0.49609375], "out_min_f": [-0.5, -0.5, -0.5, -0.5], "out_scale": [0.00390625, 0.00390625, 0.00390625, 0.00390625], "shifts": [6, 4, 4, 4]}