{"input_bits": [9, 4, 4, 4], "input_frac": [8, 2, 0, 0], "output_bits": [4, 4, 4, 4], "output_frac": [2, 0, 0, 2], "weight_bits": [4, 4, 4, 4], "weight_frac": [2, 5, 5, 5], "w_max": [7.0, 7.0, 7.0, 7.0], "w_min": [-8.0, -8.0, -8.0, -8.0], "w_scale": [0.25, 0.03125, 0.03125, 0.03125], "bias_max": [4095.0, 127.0, 127.0, 127.0], "bias_min": [-4096.0, -128.0, -128.0, -128.0], "bias_scale": [0.0009765625, 0.0078125, 0.03125, 0.03125], "out_max": [15, 15, 15, 7], "out_min": [0, 0, 0, -8], "out_max_f": [0, 15, 15, 0], "out_min_f": [0, 0, 0, 0], "out_scale": [0, 1, 1, 0], "shifts": [8, 7, 5, 3]}