{"w_max": [7.0, 7.0, 7.0, 7.0], "w_min": [-17.0, -17.0, -17.0, -17.0], "w_scale": [0.0625, 0.0625, 0.0625, 0.0625], "bias_max": [2047.0, 2047.0, 2047.0, 2047.0], "bias_min": [-2048.0, -2048.0, -2048.0, -2048.0], "bias_scale": [0.000244140625, 0.001953125, 0.001953125, 0.001953125], "out_max": [127.0, 127.0, 127.0, 127.0], "out_min": [-256.0, -256.0, -256.0, -256.0], "out_max_f": [0.49609375, 0.49609375, 0.49609375, 0.49609375], "out_min_f": [-1.0, -1.0, -1.0, -1.0], "out_scale": [0.00390625, 0.00390625, 0.00390625, 0.00390625], "shifts": [7, 4, 4, 4]}