{"input_bits": [8, 8, 8, 8], "input_frac": [8, 5, 5, 5], "output_bits": [8, 8, 8, 8], "output_frac": [5, 5, 5, 5], "weight_bits": [8, 8, 8, 8], "weight_frac": [7, 8, 8, 8], "w_max": [127.0, 127.0, 127.0, 127.0], "w_min": [-257.0, -257.0, -257.0, -257.0], "w_scale": [0.0078125, 0.00390625, 0.00390625, 0.00390625], "bias_max": [32767.0, 32767.0, 32767.0, 32767.0], "bias_min": [-32768.0, -32768.0, -32768.0, -32768.0], "bias_scale": [3.0517578125e-05, 0.0001220703125, 0.0001220703125, 0.0001220703125], "out_max": [127.0, 127.0, 127.0, 127.0], "out_min": [-128.0, -128.0, -128.0, -128.0], "out_max_f": [0.49609375, 0.49609375, 0.49609375, 0.49609375], "out_min_f": [-0.5, -0.5, -0.5, -0.5], "out_scale": [0.00390625, 0.00390625, 0.00390625, 0.00390625], "shifts": [10, 8, 8, 8]}